Type;Method;Job;AnalyzeLaunchVariance;EvaluateOverhead;MaxAbsoluteError;MaxRelativeError;MinInvokeCount;MinIterationTime;OutlierMode;Affinity;EnvironmentVariables;Jit;LargeAddressAware;Platform;PowerPlanMode;Runtime;AllowVeryLargeObjects;Concurrent;CpuGroups;Force;HeapAffinitizeMask;HeapCount;NoAffinitize;RetainVm;Server;Arguments;BuildConfiguration;Clock;EngineFactory;NuGetReferences;Toolchain;IsMutator;InvocationCount;IterationCount;IterationTime;LaunchCount;MaxIterationCount;MaxWarmupIterationCount;MemoryRandomization;MinIterationCount;MinWarmupIterationCount;RunStrategy;UnrollFactor;WarmupCount;N;Mean;Error;StdDev;Median;Min;Max;Ratio;RatioSD;Rank;Gen0;Gen1;Gen2;Allocated;Alloc Ratio
BatchBenchmark;Manual;.NET 10;False;Default;Default;Default;Default;Default;Default;1111;Empty;RyuJit;Default;X64;8c5e7fda-e8bf-4a96-9a85-a6e23a8c635c;.NET 10.0;False;True;False;True;Default;Default;False;False;True;Default;Default;Default;Default;Default;Default;Default;Default;15;Default;2;Default;Default;Default;Default;Default;Default;16;5;10;279.4549 ns;7.4523 ns;10.2008 ns;277.2784 ns;270.9810 ns;317.6041 ns;baseline;;1;0.1063;0.0000;0.0000;1144 B;
BatchBenchmark;MapBatchInPlace;.NET 10;False;Default;Default;Default;Default;Default;Default;1111;Empty;RyuJit;Default;X64;8c5e7fda-e8bf-4a96-9a85-a6e23a8c635c;.NET 10.0;False;True;False;True;Default;Default;False;False;True;Default;Default;Default;Default;Default;Default;Default;Default;15;Default;2;Default;Default;Default;Default;Default;Default;16;5;10;300.4919 ns;4.4069 ns;5.8831 ns;299.0700 ns;295.0331 ns;316.3498 ns;1.08x slower;0.04x;2;0.0997;0.0000;0.0000;1040 B;1.10x less
CollectionBenchmark;Manual;.NET 10;False;Default;Default;Default;Default;Default;Default;1111;Empty;RyuJit;Default;X64;8c5e7fda-e8bf-4a96-9a85-a6e23a8c635c;.NET 10.0;False;True;False;True;Default;Default;False;False;True;Default;Default;Default;Default;Default;Default;Default;Default;15;Default;2;Default;Default;Default;Default;Default;Default;16;5;10;303.7276 ns;11.2563 ns;15.4077 ns;297.9891 ns;291.1303 ns;349.2478 ns;baseline;;2;0.1101;0.0000;0.0000;1176 B;
CollectionBenchmark;PropertyMapper_MapToArray;.NET 10;False;Default;Default;Default;Default;Default;Default;1111;Empty;RyuJit;Default;X64;8c5e7fda-e8bf-4a96-9a85-a6e23a8c635c;.NET 10.0;False;True;False;True;Default;Default;False;False;True;Default;Default;Default;Default;Default;Default;Default;Default;15;Default;2;Default;Default;Default;Default;Default;Default;16;5;10;306.9180 ns;4.5936 ns;6.1323 ns;305.1584 ns;300.7087 ns;321.2110 ns;1.10x slower;0.04x;2;0.1068;0.0000;0.0000;1144 B;1.00x more
CollectionBenchmark;PropertyMapper_MapToList_Span;.NET 10;False;Default;Default;Default;Default;Default;Default;1111;Empty;RyuJit;Default;X64;8c5e7fda-e8bf-4a96-9a85-a6e23a8c635c;.NET 10.0;False;True;False;True;Default;Default;False;False;True;Default;Default;Default;Default;Default;Default;Default;Default;15;Default;2;Default;Default;Default;Default;Default;Default;16;5;10;315.0218 ns;12.3515 ns;17.7142 ns;307.7815 ns;303.4938 ns;364.8416 ns;1.13x slower;0.07x;2;0.1101;0.0000;0.0000;1176 B;1.03x more
AsyncBenchmark;ManualSequential;.NET 10;False;Default;Default;Default;Default;Default;Default;1111;Empty;RyuJit;Default;X64;8c5e7fda-e8bf-4a96-9a85-a6e23a8c635c;.NET 10.0;False;True;False;True;Default;Default;False;False;True;Default;Default;Default;Default;Default;Default;Default;Default;15;Default;2;Default;Default;Default;Default;Default;Default;16;5;10;316.2336 ns;13.2470 ns;18.9984 ns;308.9305 ns;299.0163 ns;375.9954 ns;baseline;;2;0.1111;0.0000;0.0000;1176 B;
BatchBenchmark;MapBatch;.NET 10;False;Default;Default;Default;Default;Default;Default;1111;Empty;RyuJit;Default;X64;8c5e7fda-e8bf-4a96-9a85-a6e23a8c635c;.NET 10.0;False;True;False;True;Default;Default;False;False;True;Default;Default;Default;Default;Default;Default;Default;Default;15;Default;2;Default;Default;Default;Default;Default;Default;16;5;10;320.4122 ns;14.2641 ns;19.9962 ns;313.1534 ns;301.7190 ns;377.4171 ns;1.15x slower;0.08x;2;0.1073;0.0000;0.0000;1144 B;1.00x more
CollectionBenchmark;PropertyMapper;.NET 10;False;Default;Default;Default;Default;Default;Default;1111;Empty;RyuJit;Default;X64;8c5e7fda-e8bf-4a96-9a85-a6e23a8c635c;.NET 10.0;False;True;False;True;Default;Default;False;False;True;Default;Default;Default;Default;Default;Default;Default;Default;15;Default;2;Default;Default;Default;Default;Default;Default;16;5;10;322.5633 ns;11.0912 ns;15.9066 ns;316.5258 ns;307.5918 ns;371.8399 ns;1.16x slower;0.07x;2;0.1116;0.0000;0.0000;1176 B;1.03x more
CollectionBenchmark;Mapster;.NET 10;False;Default;Default;Default;Default;Default;Default;1111;Empty;RyuJit;Default;X64;8c5e7fda-e8bf-4a96-9a85-a6e23a8c635c;.NET 10.0;False;True;False;True;Default;Default;False;False;True;Default;Default;Default;Default;Default;Default;Default;Default;15;Default;2;Default;Default;Default;Default;Default;Default;16;5;10;326.5432 ns;9.2420 ns;12.6505 ns;322.9367 ns;313.4155 ns;365.1222 ns;1.17x slower;0.06x;2;0.1116;0.0000;0.0000;1176 B;1.03x more
CollectionBenchmark;PropertyMapper_MapToImmutableArray;.NET 10;False;Default;Default;Default;Default;Default;Default;1111;Empty;RyuJit;Default;X64;8c5e7fda-e8bf-4a96-9a85-a6e23a8c635c;.NET 10.0;False;True;False;True;Default;Default;False;False;True;Default;Default;Default;Default;Default;Default;Default;Default;15;Default;2;Default;Default;Default;Default;Default;Default;16;5;10;344.8667 ns;16.3992 ns;24.5456 ns;336.0821 ns;320.4894 ns;409.7324 ns;1.24x slower;0.10x;2;0.1121;0.0000;0.0000;1176 B;1.03x more
DictionaryBenchmark;Manual;.NET 10;False;Default;Default;Default;Default;Default;Default;1111;Empty;RyuJit;Default;X64;8c5e7fda-e8bf-4a96-9a85-a6e23a8c635c;.NET 10.0;False;True;False;True;Default;Default;False;False;True;Default;Default;Default;Default;Default;Default;Default;Default;15;Default;2;Default;Default;Default;Default;Default;Default;16;5;10;383.6658 ns;7.1287 ns;9.2694 ns;383.4057 ns;372.2159 ns;406.7915 ns;baseline;;3;0.1402;0.0000;0.0000;1480 B;
DictionaryBenchmark;PropertyMapper;.NET 10;False;Default;Default;Default;Default;Default;Default;1111;Empty;RyuJit;Default;X64;8c5e7fda-e8bf-4a96-9a85-a6e23a8c635c;.NET 10.0;False;True;False;True;Default;Default;False;False;True;Default;Default;Default;Default;Default;Default;Default;Default;15;Default;2;Default;Default;Default;Default;Default;Default;16;5;10;444.2496 ns;6.1998 ns;8.2766 ns;441.4306 ns;434.3171 ns;468.3802 ns;1.59x slower;0.06x;4;0.1421;0.0000;0.0000;1480 B;1.29x more
CollectionBenchmark;AutoMapper;.NET 10;False;Default;Default;Default;Default;Default;Default;1111;Empty;RyuJit;Default;X64;8c5e7fda-e8bf-4a96-9a85-a6e23a8c635c;.NET 10.0;False;True;False;True;Default;Default;False;False;True;Default;Default;Default;Default;Default;Default;Default;Default;15;Default;2;Default;Default;Default;Default;Default;Default;16;5;10;467.7787 ns;7.9110 ns;10.5610 ns;466.1690 ns;457.2780 ns;506.0709 ns;1.68x slower;0.07x;5;0.1330;0.0000;0.0000;1368 B;1.20x more
AsyncBenchmark;MapAsync_Sequential;.NET 10;False;Default;Default;Default;Default;Default;Default;1111;Empty;RyuJit;Default;X64;8c5e7fda-e8bf-4a96-9a85-a6e23a8c635c;.NET 10.0;False;True;False;True;Default;Default;False;False;True;Default;Default;Default;Default;Default;Default;Default;Default;15;Default;2;Default;Default;Default;Default;Default;Default;16;5;10;"1,145.1808 ns";9.3233 ns;13.3711 ns;"1,145.7087 ns";"1,112.9505 ns";"1,169.8929 ns";4.10x slower;0.14x;6;0.1888;0.0000;0.0000;1464 B;1.28x more
AsyncBenchmark;ManualAsync_TaskRun;.NET 10;False;Default;Default;Default;Default;Default;Default;1111;Empty;RyuJit;Default;X64;8c5e7fda-e8bf-4a96-9a85-a6e23a8c635c;.NET 10.0;False;True;False;True;Default;Default;False;False;True;Default;Default;Default;Default;Default;Default;Default;Default;15;Default;2;Default;Default;Default;Default;Default;Default;16;5;10;"1,182.4491 ns";22.9227 ns;33.5997 ns;"1,180.9401 ns";"1,126.9684 ns";"1,254.6373 ns";4.24x slower;0.18x;6;0.1831;0.0000;0.0000;1424 B;1.24x more
AsyncBenchmark;MapParallelAsync;.NET 10;False;Default;Default;Default;Default;Default;Default;1111;Empty;RyuJit;Default;X64;8c5e7fda-e8bf-4a96-9a85-a6e23a8c635c;.NET 10.0;False;True;False;True;Default;Default;False;False;True;Default;Default;Default;Default;Default;Default;Default;Default;15;Default;2;Default;Default;Default;Default;Default;Default;16;5;10;"3,378.1835 ns";46.6710 ns;69.8549 ns;"3,388.2082 ns";"3,190.2096 ns";"3,478.3211 ns";12.10x slower;0.47x;7;0.3433;0.0000;0.0000;1760 B;1.54x more
BatchBenchmark;Manual;.NET 10;False;Default;Default;Default;Default;Default;Default;1111;Empty;RyuJit;Default;X64;8c5e7fda-e8bf-4a96-9a85-a6e23a8c635c;.NET 10.0;False;True;False;True;Default;Default;False;False;True;Default;Default;Default;Default;Default;Default;Default;Default;15;Default;2;Default;Default;Default;Default;Default;Default;16;5;100;"2,728.0826 ns";56.7531 ns;75.7638 ns;"2,698.9109 ns";"2,651.4164 ns";"2,925.2281 ns";baseline;;1;1.0452;0.0153;0.0000;11224 B;
AsyncBenchmark;ManualSequential;.NET 10;False;Default;Default;Default;Default;Default;Default;1111;Empty;RyuJit;Default;X64;8c5e7fda-e8bf-4a96-9a85-a6e23a8c635c;.NET 10.0;False;True;False;True;Default;Default;False;False;True;Default;Default;Default;Default;Default;Default;Default;Default;15;Default;2;Default;Default;Default;Default;Default;Default;16;5;100;"2,821.5996 ns";94.8715 ns;129.8611 ns;"2,784.9281 ns";"2,669.9532 ns";"3,186.7500 ns";baseline;;1;1.0567;0.0153;0.0000;11256 B;
CollectionBenchmark;Manual;.NET 10;False;Default;Default;Default;Default;Default;Default;1111;Empty;RyuJit;Default;X64;8c5e7fda-e8bf-4a96-9a85-a6e23a8c635c;.NET 10.0;False;True;False;True;Default;Default;False;False;True;Default;Default;Default;Default;Default;Default;Default;Default;15;Default;2;Default;Default;Default;Default;Default;Default;16;5;100;"2,907.0149 ns";88.6663 ns;121.3675 ns;"2,864.9429 ns";"2,803.6934 ns";"3,261.7107 ns";baseline;;1;1.0414;0.0153;0.0000;11256 B;
CollectionBenchmark;PropertyMapper_MapToList_Span;.NET 10;False;Default;Default;Default;Default;Default;Default;1111;Empty;RyuJit;Default;X64;8c5e7fda-e8bf-4a96-9a85-a6e23a8c635c;.NET 10.0;False;True;False;True;Default;Default;False;False;True;Default;Default;Default;Default;Default;Default;Default;Default;15;Default;2;Default;Default;Default;Default;Default;Default;16;5;100;"2,907.7834 ns";21.7598 ns;29.0487 ns;"2,906.2523 ns";"2,861.6604 ns";"2,987.5195 ns";1.07x slower;0.03x;1;1.0605;0.0153;0.0000;11256 B;1.00x more
CollectionBenchmark;PropertyMapper;.NET 10;False;Default;Default;Default;Default;Default;Default;1111;Empty;RyuJit;Default;X64;8c5e7fda-e8bf-4a96-9a85-a6e23a8c635c;.NET 10.0;False;True;False;True;Default;Default;False;False;True;Default;Default;Default;Default;Default;Default;Default;Default;15;Default;2;Default;Default;Default;Default;Default;Default;16;5;100;"2,947.1180 ns";54.4433 ns;72.6803 ns;"2,921.7495 ns";"2,874.1550 ns";"3,150.4467 ns";1.08x slower;0.04x;1;1.0185;0.0114;0.0000;11256 B;1.00x more
CollectionBenchmark;Mapster;.NET 10;False;Default;Default;Default;Default;Default;Default;1111;Empty;RyuJit;Default;X64;8c5e7fda-e8bf-4a96-9a85-a6e23a8c635c;.NET 10.0;False;True;False;True;Default;Default;False;False;True;Default;Default;Default;Default;Default;Default;Default;Default;15;Default;2;Default;Default;Default;Default;Default;Default;16;5;100;"2,956.6831 ns";13.5458 ns;17.6133 ns;"2,956.6776 ns";"2,913.5227 ns";"2,995.0066 ns";1.08x slower;0.03x;1;1.0490;0.0153;0.0000;11256 B;1.00x more
CollectionBenchmark;PropertyMapper_MapToArray;.NET 10;False;Default;Default;Default;Default;Default;Default;1111;Empty;RyuJit;Default;X64;8c5e7fda-e8bf-4a96-9a85-a6e23a8c635c;.NET 10.0;False;True;False;True;Default;Default;False;False;True;Default;Default;Default;Default;Default;Default;Default;Default;15;Default;2;Default;Default;Default;Default;Default;Default;16;5;100;"3,015.4630 ns";63.3508 ns;88.8090 ns;"2,965.3385 ns";"2,896.1498 ns";"3,166.0557 ns";1.11x slower;0.04x;1;1.0452;0.0153;0.0000;11224 B;1.00x more
BatchBenchmark;MapBatch;.NET 10;False;Default;Default;Default;Default;Default;Default;1111;Empty;RyuJit;Default;X64;8c5e7fda-e8bf-4a96-9a85-a6e23a8c635c;.NET 10.0;False;True;False;True;Default;Default;False;False;True;Default;Default;Default;Default;Default;Default;Default;Default;15;Default;2;Default;Default;Default;Default;Default;Default;16;5;100;"3,066.9575 ns";77.8296 ns;106.5340 ns;"3,049.3500 ns";"2,933.4999 ns";"3,318.5631 ns";1.13x slower;0.05x;1;1.0490;0.0153;0.0000;11224 B;1.00x more
CollectionBenchmark;PropertyMapper_MapToImmutableArray;.NET 10;False;Default;Default;Default;Default;Default;Default;1111;Empty;RyuJit;Default;X64;8c5e7fda-e8bf-4a96-9a85-a6e23a8c635c;.NET 10.0;False;True;False;True;Default;Default;False;False;True;Default;Default;Default;Default;Default;Default;Default;Default;15;Default;2;Default;Default;Default;Default;Default;Default;16;5;100;"3,094.3119 ns";85.4064 ns;116.9053 ns;"3,044.4994 ns";"2,980.6221 ns";"3,400.5890 ns";1.14x slower;0.05x;1;1.0567;0.0153;0.0000;11256 B;1.00x more
BatchBenchmark;MapBatchInPlace;.NET 10;False;Default;Default;Default;Default;Default;Default;1111;Empty;RyuJit;Default;X64;8c5e7fda-e8bf-4a96-9a85-a6e23a8c635c;.NET 10.0;False;True;False;True;Default;Default;False;False;True;Default;Default;Default;Default;Default;Default;Default;Default;15;Default;2;Default;Default;Default;Default;Default;Default;16;5;100;"3,095.7154 ns";130.4717 ns;191.2438 ns;"3,008.3111 ns";"2,922.0680 ns";"3,523.1377 ns";1.14x slower;0.08x;1;0.9842;0.0114;0.0000;10400 B;1.08x less
DictionaryBenchmark;Manual;.NET 10;False;Default;Default;Default;Default;Default;Default;1111;Empty;RyuJit;Default;X64;8c5e7fda-e8bf-4a96-9a85-a6e23a8c635c;.NET 10.0;False;True;False;True;Default;Default;False;False;True;Default;Default;Default;Default;Default;Default;Default;Default;15;Default;2;Default;Default;Default;Default;Default;Default;16;5;100;"3,502.9101 ns";151.0346 ns;216.6093 ns;"3,420.4342 ns";"3,300.3586 ns";"4,014.2502 ns";baseline;;2;1.2665;0.0229;0.0000;13528 B;
CollectionBenchmark;AutoMapper;.NET 10;False;Default;Default;Default;Default;Default;Default;1111;Empty;RyuJit;Default;X64;8c5e7fda-e8bf-4a96-9a85-a6e23a8c635c;.NET 10.0;False;True;False;True;Default;Default;False;False;True;Default;Default;Default;Default;Default;Default;Default;Default;15;Default;2;Default;Default;Default;Default;Default;Default;16;5;100;"3,619.5901 ns";149.8659 ns;214.9332 ns;"3,513.5252 ns";"3,422.2916 ns";"4,273.6263 ns";1.33x slower;0.08x;2;1.1749;0.0191;0.0000;12592 B;1.12x more
DictionaryBenchmark;PropertyMapper;.NET 10;False;Default;Default;Default;Default;Default;Default;1111;Empty;RyuJit;Default;X64;8c5e7fda-e8bf-4a96-9a85-a6e23a8c635c;.NET 10.0;False;True;False;True;Default;Default;False;False;True;Default;Default;Default;Default;Default;Default;Default;Default;15;Default;2;Default;Default;Default;Default;Default;Default;16;5;100;"3,974.2627 ns";29.9919 ns;38.9980 ns;"3,972.5891 ns";"3,901.5068 ns";"4,056.6978 ns";1.46x slower;0.04x;3;1.2894;0.0229;0.0000;13528 B;1.21x more
AsyncBenchmark;MapAsync_Sequential;.NET 10;False;Default;Default;Default;Default;Default;Default;1111;Empty;RyuJit;Default;X64;8c5e7fda-e8bf-4a96-9a85-a6e23a8c635c;.NET 10.0;False;True;False;True;Default;Default;False;False;True;Default;Default;Default;Default;Default;Default;Default;Default;15;Default;2;Default;Default;Default;Default;Default;Default;16;5;100;"5,700.6936 ns";616.4809 ns;903.6297 ns;"5,297.7188 ns";"4,947.0985 ns";"7,540.0253 ns";2.09x slower;0.33x;4;1.1292;0.0076;0.0000;11544 B;1.03x more
AsyncBenchmark;ManualAsync_TaskRun;.NET 10;False;Default;Default;Default;Default;Default;Default;1111;Empty;RyuJit;Default;X64;8c5e7fda-e8bf-4a96-9a85-a6e23a8c635c;.NET 10.0;False;True;False;True;Default;Default;False;False;True;Default;Default;Default;Default;Default;Default;Default;Default;15;Default;2;Default;Default;Default;Default;Default;Default;16;5;100;"5,805.6579 ns";532.2187 ns;796.6000 ns;"5,413.5979 ns";"4,761.8462 ns";"7,248.5069 ns";2.13x slower;0.29x;4;1.1292;0.0076;0.0000;11504 B;1.02x more
AsyncBenchmark;MapParallelAsync;.NET 10;False;Default;Default;Default;Default;Default;Default;1111;Empty;RyuJit;Default;X64;8c5e7fda-e8bf-4a96-9a85-a6e23a8c635c;.NET 10.0;False;True;False;True;Default;Default;False;False;True;Default;Default;Default;Default;Default;Default;Default;Default;15;Default;2;Default;Default;Default;Default;Default;Default;16;5;100;"11,628.6445 ns";304.3622 ns;446.1302 ns;"11,581.5643 ns";"10,847.0001 ns";"12,542.6956 ns";4.27x slower;0.20x;5;1.1444;0.0000;0.0000;11840 B;1.05x more
BatchBenchmark;Manual;.NET 10;False;Default;Default;Default;Default;Default;Default;1111;Empty;RyuJit;Default;X64;8c5e7fda-e8bf-4a96-9a85-a6e23a8c635c;.NET 10.0;False;True;False;True;Default;Default;False;False;True;Default;Default;Default;Default;Default;Default;Default;Default;15;Default;2;Default;Default;Default;Default;Default;Default;16;5;1000;"28,563.6796 ns";574.8948 ns;767.4681 ns;"28,390.8905 ns";"27,695.4346 ns";"30,712.5854 ns";baseline;;1;9.6436;1.5259;0.0000;112024 B;
CollectionBenchmark;Mapster;.NET 10;False;Default;Default;Default;Default;Default;Default;1111;Empty;RyuJit;Default;X64;8c5e7fda-e8bf-4a96-9a85-a6e23a8c635c;.NET 10.0;False;True;False;True;Default;Default;False;False;True;Default;Default;Default;Default;Default;Default;Default;Default;15;Default;2;Default;Default;Default;Default;Default;Default;16;5;1000;"30,582.8503 ns";810.2392 ns;"1,081.6462 ns";"30,198.6084 ns";"29,582.0923 ns";"34,333.3069 ns";1.07x slower;0.05x;2;9.4910;1.5259;0.0000;112056 B;1.00x more
CollectionBenchmark;Manual;.NET 10;False;Default;Default;Default;Default;Default;Default;1111;Empty;RyuJit;Default;X64;8c5e7fda-e8bf-4a96-9a85-a6e23a8c635c;.NET 10.0;False;True;False;True;Default;Default;False;False;True;Default;Default;Default;Default;Default;Default;Default;Default;15;Default;2;Default;Default;Default;Default;Default;Default;16;5;1000;"30,734.1248 ns";"1,098.1561 ns";"1,503.1686 ns";"30,364.7385 ns";"29,241.3666 ns";"35,058.3618 ns";baseline;;2;9.7961;1.5259;0.0000;112056 B;
CollectionBenchmark;PropertyMapper_MapToList_Span;.NET 10;False;Default;Default;Default;Default;Default;Default;1111;Empty;RyuJit;Default;X64;8c5e7fda-e8bf-4a96-9a85-a6e23a8c635c;.NET 10.0;False;True;False;True;Default;Default;False;False;True;Default;Default;Default;Default;Default;Default;Default;Default;15;Default;2;Default;Default;Default;Default;Default;Default;16;5;1000;"30,861.9867 ns";975.9685 ns;"1,368.1717 ns";"30,334.9152 ns";"29,622.0398 ns";"34,838.6414 ns";1.08x slower;0.05x;2;9.4910;1.5564;0.0000;112056 B;1.00x more
BatchBenchmark;MapBatchInPlace;.NET 10;False;Default;Default;Default;Default;Default;Default;1111;Empty;RyuJit;Default;X64;8c5e7fda-e8bf-4a96-9a85-a6e23a8c635c;.NET 10.0;False;True;False;True;Default;Default;False;False;True;Default;Default;Default;Default;Default;Default;Default;Default;15;Default;2;Default;Default;Default;Default;Default;Default;16;5;1000;"30,915.5950 ns";353.8339 ns;472.3582 ns;"30,802.0447 ns";"30,169.6838 ns";"31,831.7688 ns";1.08x slower;0.03x;2;8.7891;1.4648;0.0000;104000 B;1.08x less
AsyncBenchmark;ManualSequential;.NET 10;False;Default;Default;Default;Default;Default;Default;1111;Empty;RyuJit;Default;X64;8c5e7fda-e8bf-4a96-9a85-a6e23a8c635c;.NET 10.0;False;True;False;True;Default;Default;False;False;True;Default;Default;Default;Default;Default;Default;Default;Default;15;Default;2;Default;Default;Default;Default;Default;Default;16;5;1000;"30,926.3049 ns";"1,314.9042 ns";"1,927.3696 ns";"30,307.9590 ns";"28,803.3386 ns";"35,461.1328 ns";baseline;;2;9.5520;1.4954;0.0000;112056 B;
BatchBenchmark;MapBatch;.NET 10;False;Default;Default;Default;Default;Default;Default;1111;Empty;RyuJit;Default;X64;8c5e7fda-e8bf-4a96-9a85-a6e23a8c635c;.NET 10.0;False;True;False;True;Default;Default;False;False;True;Default;Default;Default;Default;Default;Default;Default;Default;15;Default;2;Default;Default;Default;Default;Default;Default;16;5;1000;"31,655.8137 ns";969.4597 ns;"1,359.0472 ns";"31,428.2349 ns";"30,324.8291 ns";"35,743.0298 ns";1.11x slower;0.05x;2;9.2773;1.5259;0.0000;112024 B;1.00x more
CollectionBenchmark;PropertyMapper;.NET 10;False;Default;Default;Default;Default;Default;Default;1111;Empty;RyuJit;Default;X64;8c5e7fda-e8bf-4a96-9a85-a6e23a8c635c;.NET 10.0;False;True;False;True;Default;Default;False;False;True;Default;Default;Default;Default;Default;Default;Default;Default;15;Default;2;Default;Default;Default;Default;Default;Default;16;5;1000;"31,686.1752 ns";"1,262.2127 ns";"1,769.4460 ns";"30,943.9636 ns";"30,117.5842 ns";"36,432.5562 ns";1.11x slower;0.07x;2;9.6436;1.6479;0.0000;112056 B;1.00x more
CollectionBenchmark;PropertyMapper_MapToImmutableArray;.NET 10;False;Default;Default;Default;Default;Default;Default;1111;Empty;RyuJit;Default;X64;8c5e7fda-e8bf-4a96-9a85-a6e23a8c635c;.NET 10.0;False;True;False;True;Default;Default;False;False;True;Default;Default;Default;Default;Default;Default;Default;Default;15;Default;2;Default;Default;Default;Default;Default;Default;16;5;1000;"31,740.0723 ns";815.1714 ns;"1,088.2305 ns";"31,305.4138 ns";"30,563.8062 ns";"34,846.1487 ns";1.11x slower;0.05x;2;9.4604;1.5869;0.0000;112056 B;1.00x more
CollectionBenchmark;PropertyMapper_MapToArray;.NET 10;False;Default;Default;Default;Default;Default;Default;1111;Empty;RyuJit;Default;X64;8c5e7fda-e8bf-4a96-9a85-a6e23a8c635c;.NET 10.0;False;True;False;True;Default;Default;False;False;True;Default;Default;Default;Default;Default;Default;Default;Default;15;Default;2;Default;Default;Default;Default;Default;Default;16;5;1000;"31,948.9134 ns";"1,661.4982 ns";"2,382.8713 ns";"30,883.0322 ns";"30,153.0884 ns";"38,712.7136 ns";1.12x slower;0.09x;2;9.5825;1.5259;0.0000;112024 B;1.00x more
CollectionBenchmark;AutoMapper;.NET 10;False;Default;Default;Default;Default;Default;Default;1111;Empty;RyuJit;Default;X64;8c5e7fda-e8bf-4a96-9a85-a6e23a8c635c;.NET 10.0;False;True;False;True;Default;Default;False;False;True;Default;Default;Default;Default;Default;Default;Default;Default;15;Default;2;Default;Default;Default;Default;Default;Default;16;5;1000;"35,257.4319 ns";"1,557.2021 ns";"2,233.2929 ns";"34,119.0582 ns";"33,288.2263 ns";"41,506.7017 ns";1.24x slower;0.08x;3;10.1929;1.7090;0.0000;120600 B;1.08x more
AsyncBenchmark;ManualAsync_TaskRun;.NET 10;False;Default;Default;Default;Default;Default;Default;1111;Empty;RyuJit;Default;X64;8c5e7fda-e8bf-4a96-9a85-a6e23a8c635c;.NET 10.0;False;True;False;True;Default;Default;False;False;True;Default;Default;Default;Default;Default;Default;Default;Default;15;Default;2;Default;Default;Default;Default;Default;Default;16;5;1000;"37,037.2046 ns";785.7535 ns;"1,126.9042 ns";"37,375.3540 ns";"34,607.2021 ns";"39,160.6812 ns";1.30x slower;0.05x;3;9.8267;1.5259;0.0000;112312 B;1.00x more
DictionaryBenchmark;Manual;.NET 10;False;Default;Default;Default;Default;Default;Default;1111;Empty;RyuJit;Default;X64;8c5e7fda-e8bf-4a96-9a85-a6e23a8c635c;.NET 10.0;False;True;False;True;Default;Default;False;False;True;Default;Default;Default;Default;Default;Default;Default;Default;15;Default;2;Default;Default;Default;Default;Default;Default;16;5;1000;"38,299.4536 ns";"1,247.8769 ns";"1,749.3493 ns";"37,836.8103 ns";"36,651.1780 ns";"43,421.6492 ns";baseline;;3;11.1084;2.1973;0.0000;135016 B;
AsyncBenchmark;MapAsync_Sequential;.NET 10;False;Default;Default;Default;Default;Default;Default;1111;Empty;RyuJit;Default;X64;8c5e7fda-e8bf-4a96-9a85-a6e23a8c635c;.NET 10.0;False;True;False;True;Default;Default;False;False;True;Default;Default;Default;Default;Default;Default;Default;Default;15;Default;2;Default;Default;Default;Default;Default;Default;16;5;1000;"39,571.7346 ns";862.9282 ns;"1,237.5859 ns";"39,872.6562 ns";"36,707.8552 ns";"42,019.2627 ns";1.39x slower;0.06x;3;9.6436;1.5869;0.0000;112388 B;1.00x more
DictionaryBenchmark;PropertyMapper;.NET 10;False;Default;Default;Default;Default;Default;Default;1111;Empty;RyuJit;Default;X64;8c5e7fda-e8bf-4a96-9a85-a6e23a8c635c;.NET 10.0;False;True;False;True;Default;Default;False;False;True;Default;Default;Default;Default;Default;Default;Default;Default;15;Default;2;Default;Default;Default;Default;Default;Default;16;5;1000;"42,114.0376 ns";689.6387 ns;920.6479 ns;"41,771.6125 ns";"41,261.6394 ns";"44,170.1294 ns";1.48x slower;0.05x;4;10.7422;2.0142;0.0000;135016 B;1.21x more
AsyncBenchmark;MapParallelAsync;.NET 10;False;Default;Default;Default;Default;Default;Default;1111;Empty;RyuJit;Default;X64;8c5e7fda-e8bf-4a96-9a85-a6e23a8c635c;.NET 10.0;False;True;False;True;Default;Default;False;False;True;Default;Default;Default;Default;Default;Default;Default;Default;15;Default;2;Default;Default;Default;Default;Default;Default;16;5;1000;"81,350.3683 ns";"1,495.8591 ns";"2,192.6111 ns";"80,762.9639 ns";"78,352.6001 ns";"87,516.3940 ns";2.85x slower;0.10x;5;11.2305;1.3428;0.0000;112641 B;1.01x more
StructBenchmark;Manual;.NET 10;False;Default;Default;Default;Default;Default;Default;1111;Empty;RyuJit;Default;X64;8c5e7fda-e8bf-4a96-9a85-a6e23a8c635c;.NET 10.0;False;True;False;True;Default;Default;False;False;True;Default;Default;Default;Default;Default;Default;Default;Default;15;Default;2;Default;Default;Default;Default;Default;Default;16;5;?;0.0146 ns;0.0073 ns;0.0102 ns;0.0142 ns;0.0000 ns;0.0389 ns;?;?;1;0.0000;0.0000;0.0000;0 B;?
StructBenchmark;PropertyMapper;.NET 10;False;Default;Default;Default;Default;Default;Default;1111;Empty;RyuJit;Default;X64;8c5e7fda-e8bf-4a96-9a85-a6e23a8c635c;.NET 10.0;False;True;False;True;Default;Default;False;False;True;Default;Default;Default;Default;Default;Default;Default;Default;15;Default;2;Default;Default;Default;Default;Default;Default;16;5;?;7.1936 ns;0.0461 ns;0.0661 ns;7.1775 ns;7.1197 ns;7.3794 ns;?;?;2;0.0000;0.0000;0.0000;0 B;?
StructBenchmark;Mapster;.NET 10;False;Default;Default;Default;Default;Default;Default;1111;Empty;RyuJit;Default;X64;8c5e7fda-e8bf-4a96-9a85-a6e23a8c635c;.NET 10.0;False;True;False;True;Default;Default;False;False;True;Default;Default;Default;Default;Default;Default;Default;Default;15;Default;2;Default;Default;Default;Default;Default;Default;16;5;?;7.4326 ns;0.0572 ns;0.0820 ns;7.4387 ns;7.2935 ns;7.6298 ns;?;?;3;0.0000;0.0000;0.0000;0 B;?
SimpleObjectBenchmark;Manual;.NET 10;False;Default;Default;Default;Default;Default;Default;1111;Empty;RyuJit;Default;X64;8c5e7fda-e8bf-4a96-9a85-a6e23a8c635c;.NET 10.0;False;True;False;True;Default;Default;False;False;True;Default;Default;Default;Default;Default;Default;Default;Default;15;Default;2;Default;Default;Default;Default;Default;Default;16;5;?;10.1071 ns;0.0723 ns;0.0940 ns;10.1123 ns;9.9454 ns;10.3299 ns;?;?;4;0.0039;0.0000;0.0000;40 B;?
CloneBenchmark;Manual;.NET 10;False;Default;Default;Default;Default;Default;Default;1111;Empty;RyuJit;Default;X64;8c5e7fda-e8bf-4a96-9a85-a6e23a8c635c;.NET 10.0;False;True;False;True;Default;Default;False;False;True;Default;Default;Default;Default;Default;Default;Default;Default;15;Default;2;Default;Default;Default;Default;Default;Default;16;5;?;10.3242 ns;0.2829 ns;0.3965 ns;10.1437 ns;10.0166 ns;11.3676 ns;?;?;4;0.0039;0.0000;0.0000;40 B;?
SimpleObjectBenchmark;PropertyMapper;.NET 10;False;Default;Default;Default;Default;Default;Default;1111;Empty;RyuJit;Default;X64;8c5e7fda-e8bf-4a96-9a85-a6e23a8c635c;.NET 10.0;False;True;False;True;Default;Default;False;False;True;Default;Default;Default;Default;Default;Default;Default;Default;15;Default;2;Default;Default;Default;Default;Default;Default;16;5;?;13.5365 ns;0.1289 ns;0.1764 ns;13.5366 ns;13.1560 ns;14.0375 ns;?;?;5;0.0039;0.0000;0.0000;40 B;?
FieldMaskBenchmark;Map_NoMask;.NET 10;False;Default;Default;Default;Default;Default;Default;1111;Empty;RyuJit;Default;X64;8c5e7fda-e8bf-4a96-9a85-a6e23a8c635c;.NET 10.0;False;True;False;True;Default;Default;False;False;True;Default;Default;Default;Default;Default;Default;Default;Default;15;Default;2;Default;Default;Default;Default;Default;Default;16;5;?;13.5675 ns;0.2839 ns;0.3789 ns;13.4124 ns;13.1927 ns;14.6753 ns;?;?;5;0.0039;0.0000;0.0000;40 B;?
RecordBenchmark;Manual;.NET 10;False;Default;Default;Default;Default;Default;Default;1111;Empty;RyuJit;Default;X64;8c5e7fda-e8bf-4a96-9a85-a6e23a8c635c;.NET 10.0;False;True;False;True;Default;Default;False;False;True;Default;Default;Default;Default;Default;Default;Default;Default;15;Default;2;Default;Default;Default;Default;Default;Default;16;5;?;13.5986 ns;0.7362 ns;1.0559 ns;13.1867 ns;12.7601 ns;17.0343 ns;?;?;5;0.0054;0.0000;0.0000;56 B;?
CloneBenchmark;PropertyMapperClone;.NET 10;False;Default;Default;Default;Default;Default;Default;1111;Empty;RyuJit;Default;X64;8c5e7fda-e8bf-4a96-9a85-a6e23a8c635c;.NET 10.0;False;True;False;True;Default;Default;False;False;True;Default;Default;Default;Default;Default;Default;Default;Default;15;Default;2;Default;Default;Default;Default;Default;Default;16;5;?;13.7865 ns;0.5027 ns;0.7047 ns;13.5096 ns;13.3271 ns;15.9379 ns;?;?;5;0.0039;0.0000;0.0000;40 B;?
FieldMaskBenchmark;MapThenApplyMask_OneField;.NET 10;False;Default;Default;Default;Default;Default;Default;1111;Empty;RyuJit;Default;X64;8c5e7fda-e8bf-4a96-9a85-a6e23a8c635c;.NET 10.0;False;True;False;True;Default;Default;False;False;True;Default;Default;Default;Default;Default;Default;Default;Default;15;Default;2;Default;Default;Default;Default;Default;Default;16;5;?;15.1582 ns;0.2889 ns;0.3857 ns;15.0564 ns;14.8004 ns;16.5604 ns;?;?;6;0.0048;0.0000;0.0000;0 B;?
SimpleObjectBenchmark;Mapster;.NET 10;False;Default;Default;Default;Default;Default;Default;1111;Empty;RyuJit;Default;X64;8c5e7fda-e8bf-4a96-9a85-a6e23a8c635c;.NET 10.0;False;True;False;True;Default;Default;False;False;True;Default;Default;Default;Default;Default;Default;Default;Default;15;Default;2;Default;Default;Default;Default;Default;Default;16;5;?;16.3113 ns;0.1423 ns;0.1948 ns;16.2673 ns;16.0044 ns;16.8241 ns;?;?;7;0.0052;0.0000;0.0000;40 B;?
RecordBenchmark;PropertyMapper;.NET 10;False;Default;Default;Default;Default;Default;Default;1111;Empty;RyuJit;Default;X64;8c5e7fda-e8bf-4a96-9a85-a6e23a8c635c;.NET 10.0;False;True;False;True;Default;Default;False;False;True;Default;Default;Default;Default;Default;Default;Default;Default;15;Default;2;Default;Default;Default;Default;Default;Default;16;5;?;16.9861 ns;0.1676 ns;0.2237 ns;16.9455 ns;16.6965 ns;17.6242 ns;?;?;8;0.0055;0.0000;0.0000;56 B;?
CloneBenchmark;Mapster;.NET 10;False;Default;Default;Default;Default;Default;Default;1111;Empty;RyuJit;Default;X64;8c5e7fda-e8bf-4a96-9a85-a6e23a8c635c;.NET 10.0;False;True;False;True;Default;Default;False;False;True;Default;Default;Default;Default;Default;Default;Default;Default;15;Default;2;Default;Default;Default;Default;Default;Default;16;5;?;18.3808 ns;0.2934 ns;0.4016 ns;18.2525 ns;17.9627 ns;19.6084 ns;?;?;9;0.0052;0.0000;0.0000;40 B;?
FieldMaskBenchmark;MapThenApplyMask_ThreeFields;.NET 10;False;Default;Default;Default;Default;Default;Default;1111;Empty;RyuJit;Default;X64;8c5e7fda-e8bf-4a96-9a85-a6e23a8c635c;.NET 10.0;False;True;False;True;Default;Default;False;False;True;Default;Default;Default;Default;Default;Default;Default;Default;15;Default;2;Default;Default;Default;Default;Default;Default;16;5;?;18.7690 ns;0.2420 ns;0.3230 ns;18.6974 ns;18.3867 ns;19.8281 ns;?;?;9;0.0052;0.0000;0.0000;40 B;?
RecordBenchmark;Mapster;.NET 10;False;Default;Default;Default;Default;Default;Default;1111;Empty;RyuJit;Default;X64;8c5e7fda-e8bf-4a96-9a85-a6e23a8c635c;.NET 10.0;False;True;False;True;Default;Default;False;False;True;Default;Default;Default;Default;Default;Default;Default;Default;15;Default;2;Default;Default;Default;Default;Default;Default;16;5;?;21.9101 ns;0.5106 ns;0.7158 ns;21.6178 ns;21.2920 ns;23.7447 ns;?;?;10;0.0072;0.0000;0.0000;56 B;?
WideObjectBenchmark;Manual;.NET 10;False;Default;Default;Default;Default;Default;Default;1111;Empty;RyuJit;Default;X64;8c5e7fda-e8bf-4a96-9a85-a6e23a8c635c;.NET 10.0;False;True;False;True;Default;Default;False;False;True;Default;Default;Default;Default;Default;Default;Default;Default;15;Default;2;Default;Default;Default;Default;Default;Default;16;5;?;26.9569 ns;1.5151 ns;2.1729 ns;26.0607 ns;25.4648 ns;33.3977 ns;?;?;11;0.0100;0.0000;0.0000;104 B;?
WideObjectBenchmark;PropertyMapper;.NET 10;False;Default;Default;Default;Default;Default;Default;1111;Empty;RyuJit;Default;X64;8c5e7fda-e8bf-4a96-9a85-a6e23a8c635c;.NET 10.0;False;True;False;True;Default;Default;False;False;True;Default;Default;Default;Default;Default;Default;Default;Default;15;Default;2;Default;Default;Default;Default;Default;Default;16;5;?;30.3860 ns;0.7418 ns;1.0399 ns;30.3055 ns;29.1574 ns;33.3003 ns;?;?;12;0.0101;0.0000;0.0000;104 B;?
WideObjectBenchmark;Mapster;.NET 10;False;Default;Default;Default;Default;Default;Default;1111;Empty;RyuJit;Default;X64;8c5e7fda-e8bf-4a96-9a85-a6e23a8c635c;.NET 10.0;False;True;False;True;Default;Default;False;False;True;Default;Default;Default;Default;Default;Default;Default;Default;15;Default;2;Default;Default;Default;Default;Default;Default;16;5;?;32.6660 ns;1.0817 ns;1.5163 ns;32.2746 ns;31.4564 ns;38.1791 ns;?;?;13;0.0101;0.0000;0.0000;104 B;?
NestedObjectBenchmark;Manual;.NET 10;False;Default;Default;Default;Default;Default;Default;1111;Empty;RyuJit;Default;X64;8c5e7fda-e8bf-4a96-9a85-a6e23a8c635c;.NET 10.0;False;True;False;True;Default;Default;False;False;True;Default;Default;Default;Default;Default;Default;Default;Default;15;Default;2;Default;Default;Default;Default;Default;Default;16;5;?;36.1425 ns;0.5897 ns;0.7873 ns;35.9127 ns;35.4232 ns;38.5412 ns;?;?;14;0.0117;0.0000;0.0000;120 B;?
NestedObjectBenchmark;PropertyMapper;.NET 10;False;Default;Default;Default;Default;Default;Default;1111;Empty;RyuJit;Default;X64;8c5e7fda-e8bf-4a96-9a85-a6e23a8c635c;.NET 10.0;False;True;False;True;Default;Default;False;False;True;Default;Default;Default;Default;Default;Default;Default;Default;15;Default;2;Default;Default;Default;Default;Default;Default;16;5;?;40.3516 ns;0.5775 ns;0.7709 ns;40.3851 ns;39.2157 ns;42.3585 ns;?;?;15;0.0117;0.0000;0.0000;120 B;?
NestedObjectBenchmark;Mapster;.NET 10;False;Default;Default;Default;Default;Default;Default;1111;Empty;RyuJit;Default;X64;8c5e7fda-e8bf-4a96-9a85-a6e23a8c635c;.NET 10.0;False;True;False;True;Default;Default;False;False;True;Default;Default;Default;Default;Default;Default;Default;Default;15;Default;2;Default;Default;Default;Default;Default;Default;16;5;?;43.6979 ns;1.2079 ns;1.6933 ns;43.1998 ns;42.0028 ns;48.1211 ns;?;?;16;0.0118;0.0000;0.0000;120 B;?
StructBenchmark;AutoMapper;.NET 10;False;Default;Default;Default;Default;Default;Default;1111;Empty;RyuJit;Default;X64;8c5e7fda-e8bf-4a96-9a85-a6e23a8c635c;.NET 10.0;False;True;False;True;Default;Default;False;False;True;Default;Default;Default;Default;Default;Default;Default;Default;15;Default;2;Default;Default;Default;Default;Default;Default;16;5;?;54.7256 ns;0.7194 ns;1.0544 ns;54.5919 ns;53.3272 ns;57.4305 ns;?;?;17;0.0062;0.0000;0.0000;32 B;?
CloneBenchmark;AutoMapper;.NET 10;False;Default;Default;Default;Default;Default;Default;1111;Empty;RyuJit;Default;X64;8c5e7fda-e8bf-4a96-9a85-a6e23a8c635c;.NET 10.0;False;True;False;True;Default;Default;False;False;True;Default;Default;Default;Default;Default;Default;Default;Default;15;Default;2;Default;Default;Default;Default;Default;Default;16;5;?;55.7829 ns;0.5558 ns;0.7419 ns;55.9132 ns;54.7437 ns;57.5541 ns;?;?;17;0.0076;0.0001;0.0001;38 B;?
SimpleObjectBenchmark;AutoMapper;.NET 10;False;Default;Default;Default;Default;Default;Default;1111;Empty;RyuJit;Default;X64;8c5e7fda-e8bf-4a96-9a85-a6e23a8c635c;.NET 10.0;False;True;False;True;Default;Default;False;False;True;Default;Default;Default;Default;Default;Default;Default;Default;15;Default;2;Default;Default;Default;Default;Default;Default;16;5;?;58.2824 ns;1.2666 ns;1.8165 ns;58.3135 ns;55.4868 ns;62.3864 ns;?;?;17;0.0039;0.0000;0.0000;40 B;?
RecordBenchmark;AutoMapper;.NET 10;False;Default;Default;Default;Default;Default;Default;1111;Empty;RyuJit;Default;X64;8c5e7fda-e8bf-4a96-9a85-a6e23a8c635c;.NET 10.0;False;True;False;True;Default;Default;False;False;True;Default;Default;Default;Default;Default;Default;Default;Default;15;Default;2;Default;Default;Default;Default;Default;Default;16;5;?;60.4102 ns;0.8109 ns;1.1100 ns;60.1055 ns;59.3503 ns;63.6120 ns;?;?;17;0.0110;0.0001;0.0001;557 B;?
WideObjectBenchmark;AutoMapper;.NET 10;False;Default;Default;Default;Default;Default;Default;1111;Empty;RyuJit;Default;X64;8c5e7fda-e8bf-4a96-9a85-a6e23a8c635c;.NET 10.0;False;True;False;True;Default;Default;False;False;True;Default;Default;Default;Default;Default;Default;Default;Default;15;Default;2;Default;Default;Default;Default;Default;Default;16;5;?;80.8818 ns;2.2671 ns;3.1781 ns;81.6965 ns;76.9242 ns;88.3911 ns;?;?;18;0.0136;0.0000;0.0000;104 B;?
NestedObjectBenchmark;AutoMapper;.NET 10;False;Default;Default;Default;Default;Default;Default;1111;Empty;RyuJit;Default;X64;8c5e7fda-e8bf-4a96-9a85-a6e23a8c635c;.NET 10.0;False;True;False;True;Default;Default;False;False;True;Default;Default;Default;Default;Default;Default;Default;Default;15;Default;2;Default;Default;Default;Default;Default;Default;16;5;?;89.2303 ns;0.7104 ns;0.9483 ns;88.9710 ns;87.8038 ns;91.5479 ns;?;?;19;0.0156;0.0000;0.0000;120 B;?
WarmupBenchmark;Warmup_SinglePair;.NET 10;False;Default;Default;Default;Default;Default;Default;1111;Empty;RyuJit;Default;X64;8c5e7fda-e8bf-4a96-9a85-a6e23a8c635c;.NET 10.0;False;True;False;True;Default;Default;False;False;True;Default;Default;Default;Default;Default;Default;Default;Default;15;Default;2;Default;Default;Default;Default;Default;Default;16;5;?;"16,499.8983 ns";699.6026 ns;"1,047.1323 ns";"16,176.5961 ns";"15,318.4387 ns";"19,016.2720 ns";?;?;20;1.0986;1.0376;0.0000;11032 B;?
WarmupBenchmark;WarmupBatch_TwoPairs;.NET 10;False;Default;Default;Default;Default;Default;Default;1111;Empty;RyuJit;Default;X64;8c5e7fda-e8bf-4a96-9a85-a6e23a8c635c;.NET 10.0;False;True;False;True;Default;Default;False;False;True;Default;Default;Default;Default;Default;Default;Default;Default;15;Default;2;Default;Default;Default;Default;Default;Default;16;5;?;"27,182.6590 ns";596.2919 ns;855.1841 ns;"26,890.3595 ns";"26,189.6179 ns";"29,121.9971 ns";?;?;21;1.7090;1.6479;0.0000;17264 B;?
WarmupBenchmark;WarmupBatch_FourPairs;.NET 10;False;Default;Default;Default;Default;Default;Default;1111;Empty;RyuJit;Default;X64;8c5e7fda-e8bf-4a96-9a85-a6e23a8c635c;.NET 10.0;False;True;False;True;Default;Default;False;False;True;Default;Default;Default;Default;Default;Default;Default;Default;15;Default;2;Default;Default;Default;Default;Default;Default;16;5;?;"49,876.2500 ns";832.3710 ns;"1,245.8538 ns";"49,757.7393 ns";"46,926.2939 ns";"52,522.7783 ns";?;?;22;3.4180;3.1738;0.0000;31682 B;?
FirstCallBenchmark;PropertyMapper;.NET 10;False;Default;Default;Default;Default;Default;Default;1111;Empty;RyuJit;Default;X64;8c5e7fda-e8bf-4a96-9a85-a6e23a8c635c;.NET 10.0;False;True;False;True;Default;Default;False;False;True;Default;Default;Default;Default;Default;Default;Default;Default;15;Default;2;Default;Default;Default;Default;Default;Default;16;5;?;"278,010.4907 ns";"8,691.8493 ns";"13,009.5518 ns";"272,657.2632 ns";"263,768.4570 ns";"306,778.8330 ns";?;?;23;0.9766;0.4883;0.0000;11133 B;?
FirstCallBenchmark;AutoMapper;.NET 10;False;Default;Default;Default;Default;Default;Default;1111;Empty;RyuJit;Default;X64;8c5e7fda-e8bf-4a96-9a85-a6e23a8c635c;.NET 10.0;False;True;False;True;Default;Default;False;False;True;Default;Default;Default;Default;Default;Default;Default;Default;15;Default;2;Default;Default;Default;Default;Default;Default;16;5;?;"927,015.8854 ns";"48,119.3698 ns";"67,456.6416 ns";"899,690.4297 ns";"877,207.4219 ns";"1,104,037.8906 ns";?;?;24;11.7188;9.7656;0.0000;116101 B;?
FirstCallBenchmark;Mapster;.NET 10;False;Default;Default;Default;Default;Default;Default;1111;Empty;RyuJit;Default;X64;8c5e7fda-e8bf-4a96-9a85-a6e23a8c635c;.NET 10.0;False;True;False;True;Default;Default;False;False;True;Default;Default;Default;Default;Default;Default;Default;Default;15;Default;2;Default;Default;Default;Default;Default;Default;16;5;?;"2,028,139.3750 ns";"311,528.4591 ns";"466,281.1675 ns";"1,859,368.3594 ns";"1,485,828.1250 ns";"3,095,941.4062 ns";?;?;25;117.1875;7.8125;0.0000;924022 B;?
